<?xml version="1.0" encoding="utf-8" ?>
<!-- Copyright 2016 Roku Corp.  All Rights Reserved. -->
<component name="VideoScene" extends="Scene">
  <children>
    <RegistryTask id="RegistryTask"/>

    <Poster
      id="Background"
      uri="pkg:/images/Background_HD.png"
      width="1920"
      height="1080"
      translation="[0,0]" />
      
    <FadingBackground
        id="FBackground"
        width="1920"
        height="1080"
        color="0xAAAAAA"
        ShadeOpacity="0.8" 
        visible="false" />

    <Overhang
      id = "Overhang"
      showClock="true"
      clockColor="0xFFFFFF"
      logoUri="pkg:/images/Overhang_Logo_HD.png"
      backgroundUri="pkg:/images/Overhang_Background_HD.png" />
      
    <Poster id="FooterImg" visible="false"  translation="[0,950]" uri="pkg:/images/Overhang_Background1_HD.png" />
    
    <Label id="FooterTitle" text = "[ Regresar ]" height="80" width="400" horizAlign = "center" vertAlign = "center" color = "#ffffff" translation="[1200,950]" visible = "false" wrap = "true" />

    <HomeScreen
      id="HomeScreen"
      visible="false"/>
      
    <LabelList id="Menu" visible="false" translation="[280,280]" numRows="11" focusedColor="0xffffffff" font="font:MediumBoldSystemFont"
    focusedfont="font:MediumBoldSystemFont" focusBitmapUri = "pkg:/images/selectbar_hd.png" itemSpacing = "[ 0, -15 ]" sectionDividerHeight = "48.0" />
    <Poster id="MenuImg" visible="false"  translation="[1200,300]" width="450" height="450" />
    <Label id="MenuTitle" height="44" width="800" wrap = "true" font="font:MediumBoldSystemFont" horizAlign = "center"  
    translation="[1000,770]" visible="false" />
	  
	<Label
	  id="MenuSubTitle"
	  height="80"
	  width="800"
	  horizAlign = "center"
	  vertAlign = "center"
	  
	  translation="[1000,820]"
	  visible="false"
	  wrap = "true" />
    

    <CategoryScreen
      id="CategoryScreen"
      visible="false"/>
    
    <CategoryScreen2
      id="CategoryScreen2"
      visible="false"/>
      
    <customEPGGrid id="customEPGGrid" visible="false" translation = "[50, 550]"/>
    
    <Label
	  id="EPGInfo"
	  height="80"
	  width="800"
	  horizAlign = "left"
	  vertAlign = "center"
	  translation="[125,140]"
	  visible="false"
	  wrap = "true"
	   />
	  
	<Label
	  id="EPGInfo2"
	  height="200"
	  width="800"
	  horizAlign = "left"
	  vertAlign = "center"
	  translation="[125,170]"
	  visible="false"
	  text = "Seleccione el canal a visualizar, doble click para expander"
	  wrap = "true" />
    
    <MiniKeyboard id="keyboardsearch" visible="false" translation="[125,200]" />
    
    <LabelList id="resultsearch" visible="false" translation="[800,200]" itemSize="[1000,60]" numRows="10" focusBitmapUri = "pkg:/images/selectbar_hd.png" focusedColor="0xffffffff" />
    
    <Label id="noMatchesLabelsearch" visible="false" text="No hay coincidencias" translation="[800,233]" color="0xffffff" font="font:LargeBoldSystemFont"/>
    
    <SpringBoard
      id="SpringBoard"
      visible="false"/>

      
    <Poster
	  id="Cuadro"
	  uri=""
      width="320"
      height="320"
	  translation="[100,150]"
	  visible="false" />
	  
	<Label
	  id="DialogTexto"
	  height="100"
	  width="1000"
	  font="font:MediumBoldSystemFont"
	  horizAlign = "left"
	  vertAlign = "center"
	  text = "ASDASD"
	  translation="[450,150]"
	  visible="false" />
	<Label
	  id="DialogTexto2"
	  height="200"
	  width="1000"
	  wrap = "true"
	  horizAlign = "left"
	  vertAlign = "center"
	  text = "ASDASD"
	  translation="[450,210]"
	  visible="false" />
	  
	<Label
	  id="InfoDescripcion1"
	  height="80"
	  width="0"
	  font="font:MediumBoldSystemFont"
	  horizAlign = "left"
	  vertAlign = "center"
	  
	  text = "Informacion del Servicio"
	  translation="[200,200]"
	  visible="false" />
	  
	<Label
	  id="InfoDescripcion2"
	  height="80"
	  width="0"
	  font="font:MediumBoldSystemFont"
	  horizAlign = "left"
	  vertAlign = "center"
	  
	  text = "Usuario:"
	  translation="[200,280]"
	  visible="false" />
	  
	<Label
	  id="InfoDescripcion3"
	  height="50"
	  width="0"
	  font="font:MediumBoldSystemFont"
	  horizAlign = "left"
	  vertAlign = "center"
	  
	  text = "[TEXTO]"
	  translation="[200,350]"
	  visible="false" />
	  
	  	<Label
	  id="InfoDescripcion4"
	  height="100"
	  width="0"
	  font="font:MediumBoldSystemFont"
	  horizAlign = "left"
	  vertAlign = "center"
	  
	  text = "Expiracion: (a/m/d)"
	  translation="[200,450]"
	  visible="false" />
	  
	  	<Label
	  id="InfoDescripcion5"
	  height="50"
	  width="0"
	  font="font:MediumBoldSystemFont"
	  horizAlign = "left"
	  vertAlign = "center"
	  
	  text = "[TEXTO]"
	  translation="[200,530]"
	  visible="false" />
	  
	<Label
	  id="InfoDescripcion6"
	  height="100"
	  width="0"
	  font="font:MediumBoldSystemFont"
	  horizAlign = "left"
	  vertAlign = "center"
	  
	  text = "Numero ID"
	  translation="[200,630]"
	  visible="false" />
	<Label
	  id="InfoDescripcion7"
	  height="50"
	  width="0"
	  font="font:MediumBoldSystemFont"
	  horizAlign = "left"
	  vertAlign = "center"
	  
	  text = "[TEXTO]"
	  translation="[200,710]"
	  visible="false" />
    
    <Label
	  id="LabelPinPad"
	  height="50"
	  width="0"
	  font="font:MediumBoldSystemFont"
	  horizAlign = "left"
	  vertAlign = "center"
	  
	  text = "Capture el pin de seguridad para entrar"
	  translation="[650,250]"
	  visible="false" />
	<PinPad id="PinPad1" visible="false" translation="[700,300]"/> 
	<Label
	  id="RespuestaPinPad"
	  height="50"
	  width="0"
	  font="font:MediumBoldSystemFont"
	  horizAlign = "left"
	  vertAlign = "center"
	  
	  text = "PIN Incorrecto, Intente Nuevamente"
	  translation="[700,800]"
	  visible="false" />
	
	<Dialog
      id="Warning"
      visible="false" />
    
	<Video
      id="TVLive"
      width="1920"
      height="1080"
      translation="[0,0]"
      visible="false"/>
      
     <SeasonScreen
      id="SeasonScreen"
      visible="false"/>
      <EpisodeScreen
      id="EpisodeScreen"
      visible="false"/>
      
      <Dialog
      id="Cargando"
      title="Cargando..."
      message="Obteniendo informacion"
      visible="false" />
  </children>

  <interface>
    <field id="homeRowItemSelected" type="intarray" alias="HomeScreen.rowItemSelected" onChange="onRowItemSelected"/>
    <field id="cateRowItemSelected" type="intarray" alias="CategoryScreen.rowItemSelected" onChange="onCategoryItemSelected"/>
    <field id="cateRowItemSelected2" type="intarray" alias="CategoryScreen2.rowItemSelected" onChange="onCategoryItemSelected2"/>
    <field id="seasonRowItemSelected" type="intarray" alias="SeasonScreen.rowItemSelected" onChange="onSeasonItemSelected"/>
    <field id="episodeRowItemSelected" type="intarray" alias="EpisodeScreen.rowItemSelected" onChange="onEpisodeItemSelected"/>
    <field id="category" type="string" />
  </interface>

  <script type="text/brightscript" uri="pkg:/components/SGHelperFunctions.brs"/>
  <script type="text/brightscript" uri="pkg:/components/VideoScene.brs"/>
</component>
